{
  "title": "[TOK]SMG4 Player Skin",
  "author": "meme_man_not_ava",
  "category": "game",
  "version": "1.0",
  "url": "https://gamebanana.com/mods/253526",
  "license": "CC-4.0-BY-ND-NC",
  "description": "Changes Mario's clothes to SMG4",
  "details": "I wanted to experiment with PMTOK Modding, so I decided to try and make a SMG4 Player Skin since it's fairly easy to make.\nThis skin was made using a batch action in Photoshop, this means all of Mario's sprites have been edited to look like SMG4.\nThe downside of this is that Marios tongue is now blue as well. but that's a minor detail.\nHope you enjoy this mod.",
  "changelog": "n/a"
}