{
  "title": "[TTYD]Dry Koops",
  "author": "Pedro_Jose",
  "category": "game",
  "version": "1.0",
  "url": "https://gamebanana.com/mods/626816",
  "license": "GPLv2",
  "description": "Gives Koops a Dry Bones Costume",
  "details": "Just a skin mod i wanted to make for Halloween. All the positive comments on my Doopliss mod encouraged me to do another mod!\nThis time, for my favorite partner in the game, Koops!\nThe 8-Bit/Retro Dry Koops sprite was made by sk1ppyskip with permission from him!\n(Due to how the game's character icons work, if you want to have this mod with another Mario or Partner mod,\nyou will have to extract the character's icons from the UI files in one of the mods with Switch Toolbox and put them on the other mod's UI files)",
  "changelog": "n/a"
}