{
  "title": "Paint Hammer Color Pack",
  "author": "HunterXuman",
  "category": "game",
  "version": "1.0",
  "url": "https://gamebanana.com/mods/644052",
  "license": "GPLv2",
  "description": "This is a simple paint color change that changes the color of the paint that the paint hammer splashes.",
  "details": "This is a simple paint color change that changes the color of the paint that the paint hammer splashes.\nRed is Hot Pink\nOrange is Brown\nYellow is Mustard Yellow\nGreen is Light Green/Teal\nBlue is Light Blue/Cyan\nPurple is a Deep Indigo",
  "changelog": "n/a"
}