{
  "title": "[TTYD] Battle UI SpeedUp",
  "author": "PistonMiner",
  "category": "game",
  "version": "2.0",
  "url": "https://gamebanana.com/mods/646375",
  "license": "GPLv2",
  "description": "Unlocks input earlier between different actions.",
  "details": "Unlocks input earlier when rotating between different actions (jump/hammer/...)\nand when entering a command list (e.g. selecting which jump type/hammer type/item/special move/... to use),\nthus allowing faster move selection.",
  "changelog": "n/a"
}